EWT_source_F,Flow_source_GPM,WPD_source_feet,Flow_load_GPM,EWT_load_F,HC_Mbtuh,Power_kW,HA_Mbtuh,LWT_load_F,EER,WPD_load_feet
25,50,15.9,30,60,172.6,10.9,135.4,71.5,4.6,3.9
25,70,28.6,30,60,177.3,10.93,140,71.8,4.8,3.9
25,50,15.9,30,70,171.3,12.07,130.1,81.4,4.2,3.7
25,70,28.6,30,70,175.7,12.12,134.3,81.7,4.2,3.7
25,50,15.9,30,80,170.1,13.44,124.3,91.4,3.7,3.6
25,70,28.6,30,80,174.2,13.51,128.1,91.7,3.8,3.6
25,50,15.9,30,90,169.3,15.09,117.8,101.4,3.3,3.5
25,70,28.5,30,90,173,15.16,121.3,101.6,3.3,3.5
25,50,15.9,30,100,168.9,17.08,110.6,111.4,2.9,3.4
25,70,28.5,30,100,172.3,17.14,113.8,111.6,2.9,3.4
25,50,15.9,30,110,169.1,19.44,102.8,121.4,2.6,3.3
25,70,28.5,30,110,172.2,19.48,105.7,121.6,2.6,3.3
35,30,6.3,30,60,190.9,11.02,153.4,72.7,5.1,3.9
35,50,15.3,30,60,203.4,11.07,165.6,73.6,5.4,3.9
35,70,27.4,30,60,209.3,11.08,171.5,74,5.5,3.9
35,30,6.3,30,70,189.3,12.27,147.4,82.6,4.5,3.7
35,50,15.2,30,70,201.1,12.37,158.9,83.4,4.8,3.7
35,70,27.4,30,70,206.7,12.41,164.4,83.8,4.9,3.7
35,30,6.3,30,80,187.7,13.7,141,92.6,4,3.6
35,50,15.2,30,80,198.8,13.83,151.6,93.3,4.2,3.6
35,70,27.3,30,80,204,13.88,156.7,93.7,4.3,3.6
35,30,6.3,30,90,186.4,15.38,134,102.5,3.6,3.5
35,50,15.2,30,90,196.6,15.51,143.7,103.2,3.7,3.5
35,70,27.3,30,90,201.5,15.57,148.4,103.5,3.8,3.5
35,30,6.3,30,100,185.5,17.35,126.3,112.5,3.1,3.4
35,50,15.2,30,100,194.9,17.47,135.3,113.1,3.3,3.4
35,70,27.3,30,100,199.3,17.52,139.5,113.4,3.3,3.4
35,30,6.3,30,110,185,19.65,118,122.5,2.8,3.3
35,50,15.2,30,110,193.5,19.74,126.1,123.1,2.9,3.3
35,70,27.3,30,110,197.5,19.77,130,123.3,2.9,3.3
35,30,6.3,30,115,185,20.93,113.6,127.5,2.6,3.3
25,50,15.9,50,60,171.3,10.48,135.6,66.8,4.8,9.6
25,70,28.6,50,60,176,10.49,140.2,67,4.9,9.6
25,50,15.9,50,70,169.9,11.61,130.3,76.8,4.3,9.2
25,70,28.6,50,70,174.3,11.64,134.5,77,4.4,9.2
25,50,15.9,50,80,168.6,12.92,124.6,86.8,3.8,8.9
25,70,28.6,50,80,172.7,12.97,128.5,86.9,3.9,8.9
25,50,15.9,50,90,167.7,14.5,118.2,96.7,3.4,8.6
25,70,28.5,50,90,171.4,14.55,121.8,96.9,3.5,8.6
25,50,15.9,50,100,167.2,16.41,111.2,106.7,3,8.4
25,70,28.5,50,100,170.5,16.45,114.4,106.9,3,8.4
25,50,15.9,50,110,167.3,18.7,103.5,116.8,2.6,8.2
25,70,28.5,50,110,170.3,18.72,106.4,116.9,2.7,8.2
35,30,6.3,50,60,189.5,10.5,153.7,67.6,5.3,9.5
35,50,15.3,50,60,201.8,10.48,166,68.1,5.6,9.5
35,70,27.4,50,60,207.7,10.46,172,68.3,5.8,9.5
35,30,6.3,50,70,187.8,11.73,147.8,77.5,4.7,9.2
35,50,15.2,50,70,199.5,11.76,159.3,78,5,9.2
35,70,27.4,50,70,205.1,11.78,164.9,78.2,5.1,9.2
35,30,6.3,50,80,186.1,13.1,141.4,87.5,4.2,8.9
35,50,15.2,50,80,197.1,13.18,152.1,87.9,4.4,8.9
35,70,27.3,50,80,202.4,13.2,157.3,88.1,4.5,8.9
35,30,6.3,50,90,184.7,14.7,134.5,97.4,3.7,8.6
35,50,15.2,50,90,194.9,14.79,144.4,97.8,3.9,8.6
35,70,27.3,50,90,199.7,14.83,149.1,98,3.9,8.6
35,30,6.3,50,100,183.6,16.6,127,107.4,3.2,8.4
35,50,15.2,50,100,193,16.68,136,107.8,3.4,8.4
35,70,27.3,50,100,197.4,16.71,140.4,108,3.5,8.4
35,30,6.3,50,110,183,18.84,118.8,117.4,2.8,8.2
35,50,15.2,50,110,191.5,18.89,127,117.7,3,8.2
35,70,27.3,50,110,195.4,18.91,130.9,117.9,3,8.2
35,30,6.3,50,115,183,20.09,114.4,122.4,2.7,8.1
25,50,15.9,70,60,170.8,10.3,135.6,64.9,4.9,17.3
25,70,28.6,70,60,175.4,10.3,140.3,65,5,17.3
25,50,15.9,70,70,169.3,11.42,130.4,74.8,4.3,16.7
25,70,28.6,70,70,173.7,11.45,134.6,75,4.4,16.7
25,50,15.9,70,80,168,12.71,124.7,84.8,3.9,16.1
25,70,28.6,70,80,172.1,12.74,128.6,84.9,4,16.1
25,50,15.9,70,90,167,14.25,118.4,94.8,3.4,15.6
25,70,28.5,70,90,170.7,14.29,122,94.9,3.5,15.6
25,50,15.9,70,100,166.4,16.13,111.4,104.8,3,15.2
25,70,28.5,70,100,169.8,16.16,114.7,104.9,3.1,15.2
25,50,15.9,70,110,166.5,18.39,103.7,114.8,2.7,14.7
25,70,28.5,70,110,169.5,18.4,106.7,114.9,2.7,14.7
35,30,6.3,70,60,188.9,10.29,153.8,65.4,5.4,17.3
35,50,15.3,70,60,201.1,10.23,166.2,65.7,5.8,17.3
35,70,27.4,70,60,207,10.2,172.2,65.9,5.9,17.2
35,30,6.3,70,70,187.2,11.5,147.9,75.4,4.8,16.7
35,50,15.2,70,70,198.8,11.51,159.5,75.7,5.1,16.6
35,70,27.4,70,70,204.4,11.51,165.1,75.8,5.2,16.6
35,30,6.3,70,80,185.5,12.85,141.6,85.3,4.2,16.1
35,50,15.2,70,80,196.4,12.91,152.4,85.6,4.5,16.1
35,70,27.3,70,80,201.6,12.93,157.5,85.8,4.6,16.1
35,30,6.3,70,90,184,14.43,134.7,95.3,3.7,15.6
35,50,15.2,70,90,194.1,14.5,144.7,95.6,3.9,15.6
35,70,27.3,70,90,199,14.52,149.4,95.7,4,15.6
35,30,6.3,70,100,182.8,16.29,127.3,105.3,3.3,15.2
35,50,15.2,70,100,192.2,16.36,136.4,105.5,3.4,15.1
35,70,27.3,70,100,196.6,16.38,140.7,105.7,3.5,15.1
35,30,6.3,70,110,182.2,18.5,119.1,115.3,2.9,14.7
35,50,15.2,70,110,190.6,18.54,127.4,115.5,3,14.7
35,70,27.3,70,110,194.6,18.55,131.3,115.6,3.1,14.7
35,30,6.3,70,115,182.1,19.75,114.7,120.3,2.7,14.5
35,50,15.2,30,115,193,20.99,121.3,128,2.7,3.3
35,70,27.3,30,115,196.7,21.02,125,128.3,2.7,3.3
45,30,4.9,30,60,207.4,11.06,169.7,73.8,5.5,4.2
45,50,11.9,30,60,221.5,11.11,183.6,74.8,5.8,4.2
45,70,21.4,30,60,228.4,11.13,190.4,75.2,6,4.2
45,30,4.9,30,70,204.8,12.35,162.6,83.7,4.9,4.1
45,50,11.9,30,70,218.1,12.45,175.6,84.6,5.1,4.1
45,70,21.4,30,70,224.6,12.5,181.9,85,5.3,4.1
45,30,4.9,30,80,202.1,13.79,155.1,93.5,4.3,4
45,50,11.9,30,80,214.6,13.92,167.1,94.4,4.5,4
45,70,21.4,30,80,220.7,13.98,173,94.8,4.6,4
45,30,4.9,30,90,199.6,15.43,147,103.4,3.8,3.8
45,50,11.9,30,90,211.2,15.57,158.1,104.2,4,3.8
45,70,21.4,30,90,216.8,15.64,163.5,104.6,4.1,3.8
45,30,4.9,30,100,197.4,17.32,138.3,113.3,3.3,3.7
45,50,11.9,30,100,208,17.45,148.5,114,3.5,3.7
45,70,21.4,30,100,213.1,17.51,153.4,114.3,3.6,3.7
45,30,4.9,30,110,195.5,19.47,129.1,123.2,2.9,3.6
45,50,11.9,30,110,205.1,19.57,138.3,123.8,3.1,3.6
45,70,21.4,30,110,209.7,19.62,142.8,124.1,3.1,3.6
45,30,4.9,30,120,193.9,21.88,119.3,133.1,2.6,3.5
45,50,11.9,30,120,202.4,21.94,127.6,133.7,2.7,3.5
45,70,21.4,30,120,206.5,21.96,131.6,134,2.8,3.5
55,30,4.7,30,60,248.6,10.96,211.2,76.6,6.6,4.4
55,50,11.4,30,60,264.8,10.96,227.4,77.7,7.1,4.4
55,70,20.5,30,60,272.4,10.96,235,78.2,7.3,4.3
55,30,4.7,30,70,245.2,12.4,202.9,86.4,5.8,4.2
55,50,11.4,30,70,260.6,12.45,218.2,87.4,6.1,4.2
55,70,20.5,30,70,267.9,12.48,225.3,87.9,6.3,4.2
55,30,4.7,30,80,241.5,13.92,194,96.2,5.1,4.1
55,50,11.4,30,80,256.1,14.02,208.2,97.2,5.4,4.1
35,50,15.2,50,115,190.9,20.12,122.2,122.7,2.8,8
35,70,27.3,50,115,194.7,20.13,126,122.9,2.8,8
45,30,4.9,50,60,206.3,10.49,170.5,68.2,5.8,10.5
45,50,11.9,50,60,220.4,10.46,184.7,68.8,6.2,10.5
45,70,21.4,50,60,227.3,10.44,191.7,69.1,6.4,10.5
45,30,4.9,50,70,203.6,11.75,163.5,78.2,5.1,10.1
45,50,11.9,50,70,216.9,11.79,176.7,78.7,5.4,10.1
45,70,21.4,50,70,223.5,11.8,183.2,79,5.6,10.1
45,30,4.9,50,80,200.9,13.15,156.1,88.1,4.5,9.8
45,50,11.9,50,80,213.4,13.22,168.3,88.6,4.7,9.8
45,70,21.4,50,80,219.5,13.25,174.3,88.8,4.9,9.8
45,30,4.9,50,90,198.3,14.73,148.1,98,3.9,9.5
45,50,11.9,50,90,210,14.83,159.4,98.5,4.2,9.5
45,70,21.4,50,90,215.6,14.87,164.9,98.7,4.3,9.5
45,30,4.9,50,100,196,16.57,139.5,107.9,3.5,9.2
45,50,11.9,50,100,206.7,16.65,149.8,108.3,3.6,9.2
45,70,21.4,50,100,211.9,16.69,154.9,108.6,3.7,9.2
45,30,4.9,50,110,194,18.68,130.3,117.8,3,9
45,50,11.9,50,110,203.7,18.74,139.7,118.2,3.2,9
45,70,21.4,50,110,208.4,18.77,144.3,118.4,3.3,9
45,30,4.9,50,120,192.4,21.07,120.5,127.8,2.7,8.7
45,50,11.9,50,120,201,21.1,129,128.1,2.8,8.7
45,70,21.4,50,120,205.2,21.11,133.1,128.3,2.8,8.7
55,30,4.7,50,60,247.3,10.15,212.7,69.9,7.1,10.8
55,50,11.4,50,60,263.6,10.05,229.3,70.5,7.7,10.8
55,70,20.5,50,60,271.2,9.99,237.2,70.8,8,10.8
55,30,4.7,50,70,243.9,11.59,204.4,79.8,6.2,10.4
55,50,11.4,50,70,259.5,11.56,220,80.4,6.6,10.4
55,70,20.5,50,70,266.8,11.54,227.5,80.7,6.8,10.4
55,30,4.7,50,80,240.2,13.1,195.5,89.6,5.4,10.1
55,50,11.4,50,80,255,13.12,210.2,90.2,5.7,10.1
35,50,15.2,70,115,190,19.75,122.6,120.5,2.8,14.5
35,70,27.3,70,115,193.8,19.76,126.4,120.6,2.9,14.5
45,30,4.9,70,60,205.9,10.25,170.9,65.9,5.9,19
45,50,11.9,70,60,219.9,10.19,185.2,66.3,6.3,18.9
45,70,21.4,70,60,226.9,10.15,192.2,66.5,6.5,18.9
45,30,4.9,70,70,203.1,11.5,163.9,75.8,5.2,18.3
45,50,11.9,70,70,216.4,11.51,177.2,76.2,5.5,18.3
45,70,21.4,70,70,223,11.51,183.7,76.4,5.7,18.3
45,30,4.9,70,80,200.4,12.88,156.4,85.7,4.6,17.7
45,50,11.9,70,80,212.9,12.93,168.8,86.1,4.8,17.7
45,70,21.4,70,80,219.1,12.95,174.9,86.3,5,17.7
45,30,4.9,70,90,197.8,14.45,148.5,95.7,4,17.1
45,50,11.9,70,90,209.4,14.52,159.9,96,4.2,17.1
45,70,21.4,70,90,215.1,14.55,165.5,96.2,4.3,17.1
45,30,4.9,70,100,195.4,16.26,140,105.6,3.5,16.7
45,50,11.9,70,100,206.1,16.32,150.4,105.9,3.7,16.6
45,70,21.4,70,100,211.3,16.35,155.5,106.1,3.8,16.6
45,30,4.9,70,110,193.4,18.35,130.8,115.6,3.1,16.2
45,50,11.9,70,110,203.1,18.39,140.3,115.9,3.2,16.2
45,70,21.4,70,110,207.8,18.41,145,116,3.3,16.2
45,30,4.9,70,120,191.7,20.73,121,125.6,2.7,15.8
45,50,11.9,70,120,200.4,20.74,129.6,125.8,2.8,15.8
45,70,21.4,70,120,204.6,20.75,133.8,125.9,2.9,15.8
55,30,4.7,70,60,246.8,9.81,213.3,67,7.4,19.5
55,50,11.4,70,60,263.1,9.66,230.1,67.5,8,19.5
55,70,20.5,70,60,270.8,9.58,238.1,67.7,8.3,19.5
55,30,4.7,70,70,243.4,11.25,205,77,6.3,18.9
55,50,11.4,70,70,259,11.18,220.8,77.4,6.8,18.8
55,70,20.5,70,70,266.3,11.14,228.3,77.6,7,18.8
55,30,4.7,70,80,239.7,12.76,196.1,86.9,5.5,18.2
55,50,11.4,70,80,254.5,12.74,211,87.3,5.9,18.2
55,70,20.5,30,80,262.9,14.05,214.9,97.6,5.5,4.1
55,30,4.7,30,90,237.7,15.59,184.5,106,4.5,4
55,50,11.4,30,90,251.3,15.7,197.7,106.9,4.7,4
55,70,20.4,30,90,257.6,15.75,203.9,107.3,4.8,4
55,30,4.7,30,100,234,17.46,174.5,115.8,3.9,3.8
55,50,11.4,30,100,246.6,17.56,186.7,116.6,4.1,3.8
55,70,20.4,30,100,252.4,17.61,192.3,117,4.2,3.8
55,30,4.7,30,110,230.5,19.53,163.8,125.6,3.5,3.7
55,50,11.4,30,110,241.9,19.62,175,126.3,3.6,3.7
55,70,20.4,30,110,247.2,19.65,180.2,126.7,3.7,3.7
55,30,4.7,30,120,226.9,21.82,152.5,135.3,3,3.7
55,50,11.4,30,120,237.2,21.87,162.6,136,3.2,3.7
55,70,20.4,30,120,242,21.89,167.3,136.4,3.2,3.7
65,30,4.6,30,60,271.1,11.2,232.9,78.1,7.1,4.2
65,50,11.1,30,60,293.2,11.2,255,79.6,7.7,4.2
65,70,19.8,30,60,304.4,11.2,266.2,80.3,8,4.2
65,30,4.6,30,70,266.9,12.73,223.5,87.8,6.1,4.1
65,50,11.1,30,70,288,12.8,244.3,89.3,6.6,4.1
65,70,19.8,30,70,298.5,12.83,254.7,90,6.8,4.1
65,30,4.6,30,80,262.4,14.32,213.5,97.6,5.4,3.9
65,50,11.1,30,80,282.2,14.44,233,98.9,5.7,3.9
65,70,19.8,30,80,292.2,14.5,242.7,99.6,5.9,3.9
65,30,4.6,30,90,257.7,16.03,203,107.3,4.7,3.8
65,50,11,30,90,276.2,16.18,221,108.6,5,3.8
65,70,19.8,30,90,285.5,16.25,230,109.2,5.1,3.8
65,30,4.6,30,100,253,17.91,191.9,117,4.1,3.7
65,50,11,30,100,270.1,18.05,208.5,118.2,4.4,3.7
65,70,19.8,30,100,278.6,18.12,216.8,118.8,4.5,3.7
65,30,4.6,30,110,248.3,19.96,180.2,126.8,3.6,3.6
65,50,11,30,110,263.9,20.08,195.4,127.8,3.9,3.6
65,70,19.8,30,110,271.7,20.14,203,128.3,4,3.6
55,70,20.5,50,80,261.9,13.12,217.1,90.5,5.9,10.1
55,30,4.7,50,90,236.4,14.73,186.2,99.5,4.7,9.8
55,50,11.4,50,90,250.2,14.78,199.8,100.1,5,9.8
55,70,20.4,50,90,256.6,14.79,206.2,100.3,5.1,9.8
55,30,4.7,50,100,232.6,16.55,176.2,109.4,4.1,9.5
55,50,11.4,50,100,245.4,16.6,188.7,109.9,4.3,9.5
55,70,20.4,50,100,251.3,16.62,194.6,110.1,4.4,9.5
55,30,4.7,50,110,229,18.59,165.6,119.3,3.6,9.2
55,50,11.4,50,110,240.6,18.62,177.1,119.7,3.8,9.2
55,70,20.4,50,110,246.1,18.64,182.5,120,3.9,9.2
55,30,4.7,50,120,225.4,20.86,154.2,129.1,3.2,9
55,50,11.4,50,120,235.9,20.87,164.7,129.6,3.3,9
55,70,20.4,50,120,240.8,20.87,169.6,129.8,3.4,9
65,30,4.6,50,60,269.8,10.23,234.9,70.8,7.7,10.4
65,50,11.1,50,60,292.2,10.08,257.8,71.7,8.5,10.4
65,70,19.8,50,60,303.4,10,269.3,72.1,8.9,10.4
65,30,4.6,50,70,265.8,11.79,225.5,80.7,6.6,10.1
65,50,11.1,50,70,287.1,11.73,247,81.5,7.2,10.1
65,70,19.8,50,70,297.8,11.7,257.9,81.9,7.5,10
65,30,4.6,50,80,261.3,13.38,215.6,90.5,5.7,9.7
65,50,11.1,50,80,281.5,13.4,235.8,91.3,6.2,9.7
65,70,19.8,50,80,291.6,13.4,245.9,91.7,6.4,9.7
65,30,4.6,50,90,256.6,15.07,205.2,100.3,5,9.4
65,50,11,50,90,275.5,15.13,223.9,101.1,5.3,9.4
65,70,19.8,50,90,285,15.15,233.3,101.5,5.5,9.4
65,30,4.6,50,100,251.8,16.92,194.1,110.2,4.4,9.2
65,50,11,50,100,269.3,16.98,211.4,110.9,4.6,9.2
65,70,19.8,50,100,278.1,17.01,220,111.2,4.8,9.2
65,30,4.6,50,110,247.1,18.95,182.4,120,3.8,8.9
65,50,11,50,110,263.1,19,198.3,120.6,4.1,8.9
65,70,19.8,50,110,271.1,19.03,206.2,121,4.2,8.9
55,70,20.5,70,80,261.5,12.73,218.1,87.5,6,18.2
55,30,4.7,70,90,235.9,14.38,186.8,96.8,4.8,17.7
55,50,11.4,70,90,249.7,14.39,200.6,97.2,5.1,17.7
55,70,20.4,70,90,256.2,14.4,207.1,97.4,5.2,17.7
55,30,4.7,70,100,232.1,16.17,176.9,106.7,4.2,17.2
55,50,11.4,70,100,244.9,16.2,189.6,107.1,4.4,17.2
55,70,20.4,70,100,250.9,16.21,195.6,107.2,4.5,17.2
55,30,4.7,70,110,228.4,18.2,166.3,116.6,3.7,16.7
55,50,11.4,70,110,240.1,18.21,177.9,116.9,3.9,16.7
55,70,20.4,70,110,245.6,18.22,183.4,117.1,4,16.7
55,30,4.7,70,120,224.8,20.46,154.9,126.5,3.2,16.3
55,50,11.4,70,120,235.3,20.45,165.5,126.8,3.4,16.3
55,70,20.4,70,120,240.2,20.44,170.5,127,3.4,16.3
65,30,4.6,70,60,269.4,9.82,235.9,67.7,8,18.9
65,50,11.1,70,60,291.7,9.6,259,68.3,8.9,18.9
65,70,19.8,70,60,303.1,9.48,270.7,68.7,9.4,18.9
65,30,4.6,70,70,265.2,11.39,226.3,77.6,6.8,18.2
65,50,11.1,70,70,286.6,11.28,248.1,78.2,7.4,18.2
65,70,19.8,70,70,297.4,11.21,259.2,78.5,7.8,18.2
65,30,4.6,70,80,260.8,12.99,216.5,87.5,5.9,17.6
65,50,11.1,70,80,281.1,12.95,236.9,88.1,6.4,17.6
65,70,19.8,70,80,291.3,12.93,247.2,88.4,6.6,17.6
65,30,4.6,70,90,256.1,14.67,206.1,97.4,5.1,17.1
65,50,11,70,90,275.1,14.69,225,97.9,5.5,17.1
65,70,19.8,70,90,284.7,14.69,234.6,98.2,5.7,17.1
65,30,4.6,70,100,251.3,16.5,195,107.2,4.5,16.6
65,50,11,70,100,269,16.54,212.6,107.8,4.8,16.6
65,70,19.8,70,100,277.8,16.55,221.4,108,4.9,16.6
65,30,4.6,70,110,246.6,18.52,183.4,117.1,3.9,16.2
65,50,11,70,110,262.7,18.55,199.5,117.6,4.2,16.2
65,70,19.8,70,110,270.8,18.56,207.5,117.8,4.3,16.1
65,30,4.5,30,120,243.5,22.19,167.8,136.5,3.2,3.5
65,50,11,30,120,257.6,22.27,181.6,137.4,3.4,3.5
65,70,19.8,30,120,264.5,22.3,188.4,137.9,3.5,3.5
75,30,4.4,30,60,305.9,11.21,267.6,80.4,8,4.2
75,50,10.7,30,60,333,11.2,294.8,82.2,8.7,4.2
75,70,19.2,30,60,346.8,11.19,308.6,83.1,9.1,4.2
75,30,4.4,30,70,301,12.85,257.1,90.1,6.9,4.1
75,50,10.7,30,70,326.9,12.93,282.8,91.9,7.4,4
75,70,19.2,30,70,340,12.96,295.7,92.7,7.7,4
75,30,4.4,30,80,295.6,14.53,246,99.8,6,3.9
75,50,10.7,30,80,320.1,14.66,270,101.5,6.4,3.9
75,70,19.2,30,80,332.4,14.73,282.2,102.3,6.6,3.9
75,30,4.4,30,90,289.8,16.29,234.2,109.5,5.2,3.8
75,50,10.7,30,90,312.8,16.46,256.7,111,5.6,3.8
75,70,19.2,30,90,324.4,16.53,267.9,111.8,5.7,3.8
75,30,4.4,30,100,283.9,18.17,221.9,119.1,4.6,3.7
75,50,10.7,30,100,305.2,18.34,242.6,120.6,4.9,3.7
75,70,19.1,30,100,315.8,18.42,253,121.3,5,3.7
75,30,4.4,30,110,277.8,20.19,208.9,128.7,4,3.6
75,50,10.7,30,110,297.2,20.34,227.8,130.1,4.3,3.6
75,70,19.1,30,110,306.9,20.41,237.3,130.7,4.4,3.6
75,30,4.4,30,120,271.3,22.35,195.1,138.4,3.6,3.5
75,50,10.7,30,120,288.9,22.45,212.3,139.5,3.8,3.5
75,70,19.1,30,120,297.6,22.5,220.8,140.1,3.9,3.5
85,30,4.3,30,60,342.6,11.21,304.3,82.9,9,4.2
85,50,10.4,30,60,375.1,11.2,336.9,85,9.8,4.2
85,70,18.6,30,60,391.6,11.19,353.4,86.1,10.3,4.2
85,30,4.3,30,70,337,12.97,292.7,92.5,7.6,4
85,50,10.4,30,70,368.1,13.06,323.6,94.6,8.3,4
85,70,18.6,30,70,383.9,13.1,339.2,95.7,8.6,4
85,30,4.3,30,80,330.7,14.73,280.4,102.2,6.6,3.9
65,30,4.5,50,120,242.3,21.18,170.1,129.8,3.4,8.7
65,50,11,50,120,256.8,21.2,184.5,130.4,3.5,8.7
65,70,19.8,50,120,264,21.21,191.6,130.7,3.6,8.7
75,30,4.4,50,60,304.7,10,270.6,72.2,8.9,10.4
75,50,10.7,50,60,332.3,9.78,298.9,73.3,10,10.4
75,70,19.2,50,60,346.3,9.66,313.4,73.9,10.5,10.4
75,30,4.4,50,70,300,11.7,260,82,7.5,10
75,50,10.7,50,70,326.4,11.61,286.8,83.1,8.2,10
75,70,19.2,50,70,339.9,11.55,300.4,83.6,8.6,10
75,30,4.4,50,80,294.7,13.41,249,91.8,6.4,9.7
75,50,10.7,50,80,319.8,13.39,274.1,92.9,7,9.7
75,70,19.2,50,80,332.6,13.38,286.9,93.4,7.3,9.7
75,30,4.4,50,90,289.1,15.17,237.3,101.6,5.6,9.4
75,50,10.7,50,90,312.7,15.21,260.8,102.6,6,9.4
75,70,19.2,50,90,324.6,15.22,272.7,103.1,6.2,9.4
75,30,4.4,50,100,283.1,17.04,225,111.4,4.9,9.2
75,50,10.7,50,100,305,17.1,246.7,112.3,5.2,9.2
75,70,19.1,50,100,316.1,17.13,257.7,112.8,5.4,9.1
75,30,4.4,50,110,277,19.05,212,121.2,4.3,8.9
75,50,10.7,50,110,297.2,19.11,231.9,122,4.6,8.9
75,70,19.1,50,110,307.3,19.14,242,122.4,4.7,8.9
75,30,4.4,50,120,270.7,21.23,198.2,131,3.7,8.7
75,50,10.7,50,120,288.9,21.26,216.4,131.7,4,8.7
75,70,19.1,50,120,298,21.28,225.4,132.1,4.1,8.7
85,30,4.3,50,60,341.6,9.72,308.4,73.7,10.3,10.4
85,50,10.4,50,60,374.8,9.43,342.6,75,11.6,10.3
85,70,18.6,50,60,391.6,9.27,359.9,75.7,12.4,10.3
85,30,4.3,50,70,336.3,11.58,296.8,83.5,8.5,10
85,50,10.4,50,70,368.6,11.45,329.5,84.8,9.4,10
85,70,18.6,50,70,385.1,11.38,346.3,85.4,9.9,10
85,30,4.3,50,80,330.3,13.4,284.6,93.3,7.2,9.7
65,30,4.5,70,120,241.8,20.75,171,127,3.4,15.8
65,50,11,70,120,256.4,20.75,185.6,127.4,3.6,15.7
65,70,19.8,70,120,263.7,20.75,192.9,127.6,3.7,15.7
75,30,4.4,70,60,304.2,9.48,271.9,68.7,9.4,18.9
75,50,10.7,70,60,332,9.17,300.7,69.5,10.6,18.8
75,70,19.2,70,60,346.1,9,315.4,69.9,11.3,18.8
75,30,4.4,70,70,299.5,11.21,261.2,78.6,7.8,18.2
75,50,10.7,70,70,326.1,11.04,288.4,79.3,8.7,18.2
75,70,19.2,70,70,339.7,10.94,302.3,79.7,9.1,18.2
75,30,4.4,70,80,294.3,12.93,250.2,88.4,6.7,17.6
75,50,10.7,70,80,319.6,12.86,275.7,89.2,7.3,17.6
75,70,19.2,70,80,332.5,12.81,288.8,89.5,7.6,17.6
75,30,4.4,70,90,288.7,14.7,238.5,98.3,5.8,17.1
75,50,10.7,70,90,312.5,14.68,262.4,99,6.2,17.1
75,70,19.2,70,90,324.7,14.67,274.6,99.3,6.5,17.1
75,30,4.4,70,100,282.8,16.56,226.3,108.2,5,16.6
75,50,10.7,70,100,304.9,16.58,248.4,108.8,5.4,16.6
75,70,19.1,70,100,316.2,16.59,259.6,109.1,5.6,16.6
75,30,4.4,70,110,276.7,18.58,213.3,118,4.4,16.1
75,50,10.7,70,110,297.1,18.6,233.6,118.6,4.7,16.1
75,70,19.1,70,110,307.4,18.61,243.9,118.9,4.8,16.1
75,30,4.4,70,120,270.3,20.76,199.5,127.8,3.8,15.7
75,50,10.7,70,120,288.9,20.76,218,128.4,4.1,15.7
75,70,19.1,70,120,298.2,20.76,227.3,128.6,4.2,15.7
85,30,4.3,70,60,341.2,9.08,310.2,69.7,11,18.8
85,50,10.4,70,60,374.7,8.66,345.1,70.7,12.7,18.8
85,70,18.6,70,60,391.9,8.44,363.1,71.2,13.6,18.8
85,30,4.3,70,70,335.9,10.98,298.5,79.6,9,18.2
85,50,10.4,70,70,368.5,10.75,331.9,80.6,10.1,18.1
85,70,18.6,70,70,385.3,10.61,349,81,10.6,18.1
85,30,4.3,70,80,330.1,12.83,286.3,89.5,7.5,17.6
85,50,10.4,30,80,360.3,14.89,309.5,104.2,7.1,3.9
85,70,18.6,30,80,375.3,14.96,324.2,105.2,7.4,3.9
85,30,4.3,30,90,324,16.54,267.5,111.8,5.7,3.8
85,50,10.3,30,90,351.8,16.73,294.7,113.7,6.2,3.8
85,70,18.6,30,90,365.7,16.83,308.3,114.6,6.4,3.8
85,30,4.3,30,100,316.7,18.44,253.8,121.3,5,3.7
85,50,10.3,30,100,342.5,18.63,278.9,123.1,5.4,3.7
85,70,18.5,30,100,355.5,18.73,291.6,124,5.6,3.7
85,30,4.3,30,110,309.1,20.43,239.4,130.9,4.4,3.6
85,50,10.3,30,110,332.7,20.61,262.4,132.5,4.7,3.6
85,70,18.5,30,110,344.5,20.69,273.9,133.3,4.9,3.6
85,30,4.3,30,120,301,22.53,224.1,140.4,3.9,3.5
85,50,10.3,30,120,322.2,22.66,244.9,141.8,4.2,3.5
85,70,18.5,30,120,331.6,22.67,254.2,142.4,4.3,3.5
85,50,10.4,50,80,361,13.37,315.4,94.5,7.9,9.7
85,70,18.6,50,80,376.7,13.34,331.2,95.1,8.3,9.7
85,30,4.3,50,90,323.7,15.24,271.7,103,6.2,9.4
85,50,10.3,50,90,352.7,15.27,300.6,104.2,6.8,9.4
85,70,18.6,50,90,367.4,15.28,315.3,104.8,7,9.4
85,30,4.3,50,100,316.6,17.14,258.1,112.8,5.4,9.1
85,50,10.3,50,100,343.6,17.21,284.9,113.9,5.9,9.1
85,70,18.5,50,100,357.3,17.24,298.5,114.4,6.1,9.1
85,30,4.3,50,110,309.1,19.16,243.7,122.5,4.7,8.9
85,50,10.3,50,110,333.9,19.23,268.3,123.5,5.1,8.9
85,70,18.5,50,110,346.5,19.26,280.7,124,5.3,8.9
85,30,4.3,50,120,301.1,21.29,228.5,132.2,4.1,8.7
85,50,10.3,50,120,323.6,21.34,250.8,133.1,4.4,8.7
85,70,18.5,50,120,334.9,21.36,262,133.6,4.6,8.7
85,50,10.4,70,80,361.1,12.71,317.8,90.4,8.3,17.6
85,70,18.6,70,80,377.1,12.65,334,90.8,8.7,17.5
85,30,4.3,70,90,323.6,14.68,273.4,99.3,6.5,17.1
85,50,10.3,70,90,352.9,14.65,302.9,100.2,7.1,17
85,70,18.6,70,90,368,14.62,318.1,100.6,7.4,17
85,30,4.3,70,100,316.5,16.6,259.9,109.1,5.6,16.6
85,50,10.3,70,100,344,16.61,287.3,109.9,6.1,16.5
85,70,18.5,70,100,358,16.61,301.3,110.3,6.3,16.5
85,30,4.3,70,110,309,18.62,245.5,118.9,4.9,16.1
85,50,10.3,70,110,334.3,18.64,270.7,119.7,5.3,16.1
85,70,18.5,70,110,347.2,18.65,283.6,120,5.5,16.1
85,30,4.3,70,120,301.1,20.77,230.3,128.7,4.2,15.7
85,50,10.3,70,120,324.1,20.77,253.2,129.4,4.6,15.7
85,70,18.5,70,120,335.7,20.78,264.8,129.7,4.7,15.7
